"0","TP2_graph(dfGindex,titre=""Gender index inequality"",source=""UNDP"")"
"2","Les objets suivants sont masqués depuis data (pos = 3):

    C3region, region, Value, year

"
"2","Les objets suivants sont masqués depuis data (pos = 4):

    C3region, region, Value, year

"
"2","Les objets suivants sont masqués depuis data (pos = 5):

    C3region, region, Value, year

"
"2","Les objets suivants sont masqués depuis data (pos = 6):

    C3region, region, Value, year

"
"2","Les objets suivants sont masqués depuis data (pos = 7):

    C3region, region, Value, year

"
"2","Les objets suivants sont masqués depuis data (pos = 8):

    C3region, region, Value, year

"
"2","Les objets suivants sont masqués depuis data (pos = 9):

    C3region, region, Value, year

"
"2","Les objets suivants sont masqués depuis data (pos = 10):

    C3region, region, Value, year

"
"2","Les objets suivants sont masqués depuis data (pos = 11):

    C3region, region, Value, year

"
"2","Les objets suivants sont masqués depuis data (pos = 12):

    C3region, region, Value, year

"
"2","Les objets suivants sont masqués depuis data (pos = 13):

    C3region, region, Value, year

"
"2","Les objets suivants sont masqués depuis data (pos = 14):

    C3region, region, Value, year

"
"2","Les objets suivants sont masqués depuis data (pos = 15):

    C3region, region, Value, year

"
"2","Les objets suivants sont masqués depuis data (pos = 16):

    C3region, region, Value, year

"
"2","Les objets suivants sont masqués depuis data (pos = 17):

    C3region, region, Value, year

"
"2","Les objets suivants sont masqués depuis data (pos = 18):

    C3region, region, Value, year

"
"2","Les objets suivants sont masqués depuis data (pos = 19):

    C3region, region, Value, year

"
"2","Les objets suivants sont masqués depuis data (pos = 20):

    C3region, region, Value, year

"
"2","Les objets suivants sont masqués depuis data (pos = 28):

    C3region, region, Value, year

"
"2","Les objets suivants sont masqués depuis data (pos = 29):

    C3region, region, Value, year

"
"2","Les objets suivants sont masqués depuis data (pos = 30):

    C3region, region, Value, year

"
